queen_count,algorithm_name,success_rate,avg_time,time_standard_deviation,avg_states,states_standard_deviation
4,genetic,0.8,0.017807610829671226,0.029408279808031863,42.86666666666667,79.93736053432964
8,genetic,0.0,0.14851729869842528,0.011970624911304543,200.0,0.0
10,genetic,0.0,0.19762234687805175,0.004224070622483429,200.0,0.0
12,genetic,0.0,0.2587337891260783,0.004533732668651287,200.0,0.0
15,genetic,0.0,0.3804190079371134,0.012554176089450697,200.0,0.0
